utc,exitcode,http,time_connect,time_total
2026-09-05T16:48:13Z,0,200,0.164358,0.214208
2026-09-05T16:48:28Z,0,200,0.173801,0.222472
2026-09-05T16:48:44Z,0,200,0.145151,0.195320
2026-09-05T16:48:59Z,0,200,0.038716,0.089430
2026-09-05T16:49:14Z,0,200,0.041492,0.100150
2026-09-05T16:49:29Z,0,200,0.039975,0.094534
2026-09-05T16:49:44Z,0,200,0.159918,0.207854
2026-09-05T16:49:59Z,0,200,0.145592,0.196851
2026-09-05T16:50:14Z,0,200,0.039582,0.089393
2026-09-05T16:50:30Z,0,200,0.160303,0.210584
2026-09-05T16:50:45Z,0,200,0.163038,0.216706
2026-09-05T16:51:00Z,0,200,0.039549,0.087871
2026-09-05T16:51:15Z,0,200,0.039679,0.089375
2026-09-05T16:51:30Z,0,200,0.039115,0.088663
2026-09-05T16:51:45Z,0,200,0.161016,0.210344
2026-09-05T16:52:01Z,0,200,0.159888,0.212594
2026-09-05T16:52:16Z,0,200,0.160980,0.212796
2026-09-05T16:52:31Z,0,200,0.040300,0.089506
2026-09-05T16:52:46Z,0,200,0.040238,0.088939
2026-09-05T16:53:01Z,0,200,0.148803,0.197790
2026-09-05T16:53:17Z,0,200,0.163313,0.212172
2026-09-05T16:53:32Z,0,200,0.158322,0.209761
2026-09-05T16:53:47Z,0,200,0.040399,0.089307
2026-09-05T16:54:02Z,0,200,0.146964,0.196368
2026-09-05T16:54:17Z,0,200,0.165560,0.214696
2026-09-05T16:54:33Z,0,200,0.160362,0.209279
2026-09-05T16:54:48Z,0,200,0.157876,0.206989
2026-09-05T16:55:03Z,0,200,0.160884,0.211544
2026-09-05T16:55:18Z,0,200,0.162363,0.211213
2026-09-05T16:55:33Z,0,200,0.145283,0.192564
2026-09-05T16:55:48Z,0,200,0.043315,0.092582
2026-09-05T16:56:04Z,0,200,0.164649,0.214223
2026-09-05T16:56:19Z,0,200,0.161267,0.212065
2026-09-05T16:56:34Z,0,200,0.146950,0.196351
2026-09-05T16:56:49Z,0,200,0.040261,0.088997
2026-09-05T16:57:05Z,0,200,0.172644,0.221609
2026-09-05T16:57:20Z,0,200,0.158038,0.205317
2026-09-05T16:57:35Z,0,200,0.038657,0.087498
2026-09-05T16:57:50Z,0,200,0.164281,0.213523
2026-09-05T16:58:05Z,0,200,0.161743,0.210242
2026-09-05T16:58:21Z,0,200,0.174962,0.229305
2026-09-05T16:58:36Z,0,200,0.146583,0.194990
2026-09-05T16:58:51Z,0,200,0.147900,0.203703
2026-09-05T16:59:06Z,0,200,0.159210,0.207729
2026-09-05T16:59:22Z,0,200,0.039176,0.088793
2026-09-05T16:59:37Z,0,200,0.049974,0.123179
2026-09-05T16:59:52Z,0,200,0.073571,0.168912
2026-09-05T17:00:07Z,0,200,0.039575,0.087883
2026-09-05T17:00:22Z,0,200,0.144968,0.192926
2026-09-05T17:00:38Z,0,200,0.161043,0.211937
2026-09-05T17:00:53Z,0,200,0.167690,0.219250
2026-09-05T17:01:08Z,0,200,0.146996,0.199169
2026-09-05T17:01:23Z,0,200,0.150787,0.210110
2026-09-05T17:01:48Z,0,200,0.050190,0.146255
2026-09-05T17:02:03Z,0,200,0.040498,0.096675
2026-09-05T17:02:29Z,0,200,0.176142,0.238667
2026-09-05T17:02:44Z,0,200,0.040401,0.097789
2026-09-05T17:03:02Z,0,200,0.150667,0.201118
2026-09-05T17:03:18Z,0,200,0.041259,0.091308
2026-09-05T17:03:33Z,0,200,0.159090,0.209424
2026-09-05T17:03:48Z,0,200,0.047921,0.158952
2026-09-05T17:04:03Z,0,200,0.042167,0.094260
2026-09-05T17:04:18Z,0,200,0.049969,0.126222
2026-09-05T17:04:33Z,0,200,0.039334,0.101537
2026-09-05T17:04:49Z,0,200,0.039239,0.087666
2026-09-05T17:05:04Z,0,200,0.039814,0.086564
2026-09-05T17:05:19Z,0,200,0.147521,0.197777
2026-09-05T17:05:34Z,0,200,0.039058,0.087126
2026-09-05T17:05:49Z,0,200,0.163580,0.211778
2026-09-05T17:06:04Z,0,200,0.160009,0.207691
2026-09-05T17:06:20Z,0,200,0.159248,0.208983
2026-09-05T17:06:35Z,0,200,0.038913,0.085221
2026-09-05T17:06:50Z,0,200,0.039185,0.087716
2026-09-05T17:07:05Z,0,200,0.160601,0.207088
2026-09-05T17:07:20Z,0,200,0.160067,0.206515
2026-09-05T17:07:36Z,0,200,0.174278,0.222535
2026-09-05T17:07:51Z,0,200,0.160628,0.207660
2026-09-05T17:08:06Z,0,200,0.174215,0.226692
2026-09-05T17:08:21Z,0,200,0.147705,0.201991
2026-09-05T17:08:36Z,0,200,0.174529,0.222709
2026-09-05T17:08:52Z,0,200,0.039025,0.086264
2026-09-05T17:09:07Z,0,200,0.159013,0.213276
2026-09-05T17:09:22Z,0,200,0.040232,0.087795
2026-09-05T17:09:37Z,0,200,0.039276,0.086664
2026-09-05T17:09:52Z,0,200,0.040890,0.090010
2026-09-05T17:10:07Z,0,200,0.144091,0.201955
2026-09-05T17:10:23Z,0,200,0.162915,0.210214
2026-09-05T17:10:38Z,0,200,0.174280,0.222194
2026-09-05T17:10:53Z,0,200,0.038756,0.085636
2026-09-05T17:11:08Z,0,200,0.160618,0.208631
2026-09-05T17:11:23Z,0,200,0.174008,0.220547
2026-09-05T17:11:39Z,0,200,0.160533,0.207743
2026-09-05T17:11:54Z,0,200,0.161527,0.208299
2026-09-05T17:12:09Z,0,200,0.147652,0.194360
2026-09-05T17:12:24Z,0,200,0.041852,0.088809
2026-09-05T17:12:39Z,0,200,0.173523,0.223867
2026-09-05T17:12:55Z,0,200,0.160915,0.207930
2026-09-05T17:13:10Z,0,200,0.174144,0.234487
2026-09-05T17:13:25Z,0,200,0.039276,0.086660
2026-09-05T17:13:40Z,0,200,0.145523,0.198253
2026-09-05T17:13:55Z,0,200,0.160257,0.207369
2026-09-05T17:14:11Z,0,200,0.173836,0.220233
2026-09-05T17:14:26Z,0,200,0.041420,0.090193
2026-09-05T17:14:41Z,0,200,0.038668,0.086102
2026-09-05T17:14:56Z,0,200,0.041681,0.089173
2026-09-05T17:15:11Z,0,200,0.159629,0.208697
2026-09-05T17:15:26Z,0,200,0.038646,0.085998
2026-09-05T17:15:41Z,0,200,0.043778,0.090965
2026-09-05T17:15:56Z,0,200,0.039876,0.094543
2026-09-05T17:16:12Z,0,200,0.040461,0.088398
2026-09-05T17:16:27Z,0,200,0.145287,0.192468
2026-09-05T17:16:42Z,0,200,0.165565,0.213660
2026-09-05T17:16:57Z,0,200,0.145619,0.192547
2026-09-05T17:17:12Z,0,200,0.039837,0.086901
2026-09-05T17:17:28Z,0,200,0.160496,0.208081
2026-09-05T17:17:43Z,0,200,0.038937,0.085026
2026-09-05T17:17:58Z,0,200,0.145717,0.192252
2026-09-05T17:18:13Z,0,200,0.173572,0.222197
2026-09-05T17:18:28Z,0,200,0.161889,0.215396
2026-09-05T17:18:44Z,0,200,0.161773,0.209459
2026-09-05T17:18:59Z,0,200,0.040358,0.086532
2026-09-05T17:19:14Z,0,200,0.039070,0.086186
2026-09-05T17:19:29Z,0,200,0.041146,0.086493
2026-09-05T17:19:44Z,0,200,0.039285,0.088405
2026-09-05T17:19:59Z,0,200,0.147472,0.196683
2026-09-05T17:20:14Z,0,200,0.150229,0.198016
2026-09-05T17:20:30Z,0,200,0.160641,0.210860
2026-09-05T17:20:45Z,0,200,0.039955,0.087454
2026-09-05T17:21:00Z,0,200,0.173659,0.222041
2026-09-05T17:21:15Z,0,200,0.163142,0.212090
2026-09-05T17:21:30Z,0,200,0.162018,0.216824
2026-09-05T17:21:46Z,0,200,0.156453,0.203743
2026-09-05T17:22:01Z,0,200,0.248432,0.380589
2026-09-05T17:22:16Z,0,200,0.040424,0.089540
2026-09-05T17:22:31Z,0,200,0.039163,0.086561
2026-09-05T17:22:47Z,0,200,0.160942,0.210102
2026-09-05T17:23:02Z,0,200,0.162852,0.213352
2026-09-05T17:23:17Z,0,200,0.145877,0.191838
2026-09-05T17:23:32Z,0,200,0.039737,0.088309
2026-09-05T17:23:47Z,0,200,0.040850,0.090200
2026-09-05T17:24:02Z,0,200,0.174085,0.221237
2026-09-05T17:24:18Z,0,200,0.038797,0.086428
2026-09-05T17:24:33Z,0,200,0.160945,0.207388
2026-09-05T17:24:48Z,0,200,0.039995,0.087018
2026-09-05T17:25:03Z,0,200,0.285582,0.332494
2026-09-05T17:25:18Z,0,200,0.040247,0.087661
2026-09-05T17:25:34Z,0,200,0.158939,0.206645
2026-09-05T17:25:49Z,0,200,0.169384,0.219798
2026-09-05T17:26:04Z,0,200,0.164623,0.211317
2026-09-05T17:26:19Z,0,200,0.041544,0.087549
2026-09-05T17:26:34Z,0,200,0.040549,0.090137
2026-09-05T17:26:49Z,0,200,0.160163,0.209967
2026-09-05T17:27:05Z,0,200,0.148762,0.196078
2026-09-05T17:27:20Z,0,200,0.158858,0.205079
2026-09-05T17:27:35Z,0,200,0.040254,0.087972
2026-09-05T17:27:50Z,0,200,0.160397,0.208901
2026-09-05T17:28:05Z,0,200,0.161400,0.209392
2026-09-05T17:28:21Z,0,200,0.159189,0.206579
2026-09-05T17:28:36Z,0,200,0.039276,0.087982
2026-09-05T17:28:51Z,0,200,0.357361,0.404308
2026-09-05T17:29:06Z,0,200,0.159279,0.208841
2026-09-05T17:29:21Z,0,200,0.039562,0.085874
2026-09-05T17:29:37Z,0,200,0.040555,0.086755
2026-09-05T17:29:52Z,0,200,0.146801,0.196071
2026-09-05T17:30:07Z,0,200,0.160310,0.206988
2026-09-05T17:30:22Z,0,200,0.040557,0.086402
2026-09-05T17:30:37Z,0,200,0.041391,0.088606
2026-09-05T17:30:52Z,0,200,0.040988,0.087679
2026-09-05T17:31:07Z,0,200,0.039547,0.085476
2026-09-05T17:31:23Z,0,200,0.160016,0.206345
2026-09-05T17:31:38Z,0,200,0.039569,0.088628
2026-09-05T17:31:53Z,0,200,0.044877,0.092409
2026-09-05T17:32:08Z,0,200,0.042539,0.093303
2026-09-05T17:32:23Z,0,200,0.172795,0.226572
2026-09-05T17:32:38Z,0,200,0.146340,0.194397
2026-09-05T17:32:54Z,0,200,0.038996,0.085907
2026-09-05T17:33:09Z,0,200,0.163004,0.210355
2026-09-05T17:33:24Z,0,200,0.163951,0.211616
2026-09-05T17:33:39Z,0,200,0.160836,0.209142
2026-09-05T17:33:54Z,0,200,0.039322,0.085874
2026-09-05T17:34:09Z,0,200,0.041148,0.098665
2026-09-05T17:34:25Z,0,200,0.039263,0.090707
2026-09-05T17:34:40Z,0,200,0.173686,0.221808
2026-09-05T17:34:55Z,0,200,0.174090,0.225210
2026-09-05T17:35:10Z,0,200,0.273583,0.339681
2026-09-05T17:35:26Z,0,200,0.160527,0.210384
2026-09-05T17:35:41Z,0,200,0.039784,0.087386
2026-09-05T17:35:56Z,0,200,0.159280,0.208128
2026-09-05T17:36:11Z,0,200,0.148410,0.209423
2026-09-05T17:36:26Z,0,200,0.173901,0.223200
2026-09-05T17:36:42Z,0,200,0.160218,0.207523
2026-09-05T17:36:57Z,0,200,0.039434,0.092297
2026-09-05T17:37:12Z,0,200,0.173195,0.219869
2026-09-05T17:37:27Z,0,200,0.039339,0.086694
2026-09-05T17:37:42Z,0,200,0.165139,0.219203
2026-09-05T17:37:58Z,0,200,0.175268,0.225297
2026-09-05T17:38:13Z,0,200,0.040689,0.088818
2026-09-05T17:38:28Z,0,200,0.041514,0.090431
2026-09-05T17:38:43Z,0,200,0.161417,0.214936
2026-09-05T17:38:58Z,0,200,0.176106,0.229367
2026-09-05T17:39:14Z,0,200,0.162595,0.227942
2026-09-05T17:39:29Z,0,200,0.158870,0.223333
2026-09-05T17:39:45Z,0,200,0.711739,1.106980
2026-09-05T17:40:01Z,0,200,0.172555,0.300888
2026-09-05T17:40:16Z,0,200,0.058473,0.112934
2026-09-05T17:40:31Z,0,200,0.053733,0.101391
2026-09-05T17:40:46Z,0,200,0.159982,0.215426
2026-09-05T17:41:02Z,0,200,0.211660,0.416397
2026-09-05T17:41:17Z,0,200,0.171733,0.217967
2026-09-05T17:41:33Z,0,200,0.051875,0.103739
2026-09-05T17:41:48Z,0,200,0.050422,0.104711
2026-09-05T17:42:03Z,0,200,0.056955,0.106411
2026-09-05T17:42:18Z,0,200,0.162006,0.303698
2026-09-05T17:42:38Z,0,200,2.220010,4.880586
2026-09-05T17:42:53Z,0,200,0.152144,0.210711
2026-09-05T17:43:09Z,0,200,0.045303,0.102732
2026-09-05T17:43:24Z,0,200,0.040330,0.089545
2026-09-05T17:43:39Z,0,200,0.160183,0.208546
2026-09-05T17:43:54Z,0,200,0.182465,0.306851
2026-09-05T17:44:10Z,0,200,0.165299,0.219663
2026-09-05T17:44:25Z,0,200,0.165781,0.215119
2026-09-05T17:44:40Z,0,200,0.163362,0.231111
2026-09-05T17:44:56Z,0,200,0.066878,0.237085
2026-09-05T17:45:11Z,0,200,0.042017,0.097020
2026-09-05T17:45:26Z,0,200,0.169690,0.221800
2026-09-05T17:45:41Z,0,200,0.102879,0.149951
2026-09-05T17:45:57Z,0,200,0.041700,0.090087
2026-09-05T17:46:12Z,0,200,0.229989,0.401663
2026-09-05T17:46:27Z,0,200,0.151634,0.209286
2026-09-05T17:46:44Z,0,200,0.577856,0.923843
2026-09-05T17:46:59Z,0,200,0.040464,0.087652
2026-09-05T17:47:14Z,0,200,0.169544,0.218567
2026-09-05T17:47:30Z,0,200,0.340616,1.314370
2026-09-05T17:47:46Z,0,200,0.075692,0.216353
2026-09-05T17:48:16Z,0,200,0.276976,0.335419
2026-09-05T17:48:32Z,0,200,0.169943,0.240719
2026-09-05T17:48:47Z,0,200,0.050666,0.217213
2026-09-05T17:49:03Z,0,200,0.180526,0.288304
2026-09-05T17:49:21Z,0,200,0.222081,0.360928
2026-09-05T17:49:39Z,0,200,0.040574,0.092041
2026-09-05T17:49:54Z,0,200,0.054642,0.140288
2026-09-05T17:50:09Z,0,200,0.040084,0.090105
2026-09-05T17:50:24Z,0,200,0.042521,0.093071
2026-09-05T17:50:40Z,0,200,0.039994,0.094984
2026-09-05T17:50:55Z,0,200,0.040342,0.088012
2026-09-05T17:51:10Z,0,200,0.146608,0.193337
2026-09-05T17:51:25Z,0,200,0.146787,0.194503
2026-09-05T17:51:40Z,0,200,0.159427,0.206540
2026-09-05T17:51:55Z,0,200,0.040007,0.085321
2026-09-05T17:52:11Z,0,200,0.181115,0.228949
2026-09-05T17:52:26Z,0,200,0.040430,0.094200
2026-09-05T17:52:41Z,0,200,0.039909,0.087227
2026-09-05T17:52:56Z,0,200,0.173176,0.226485
2026-09-05T17:53:11Z,0,200,0.178133,0.231296
2026-09-05T17:53:26Z,0,200,0.039933,0.095938
2026-09-05T17:53:42Z,0,200,0.254919,0.300740
2026-09-05T17:53:57Z,0,200,0.150814,0.213399
2026-09-05T17:54:12Z,0,200,0.054047,0.114524
2026-09-05T17:54:27Z,0,200,0.040543,0.087529
2026-09-05T17:54:42Z,0,200,0.040804,0.088443
2026-09-05T17:54:58Z,0,200,0.164079,0.211412
2026-09-05T17:55:13Z,0,200,0.173417,0.220068
2026-09-05T17:55:28Z,0,200,0.046610,0.108263
2026-09-05T17:55:43Z,0,200,0.164851,0.220630
2026-09-05T17:55:59Z,0,200,0.150126,0.196273
2026-09-05T17:56:14Z,0,200,0.148111,0.203209
2026-09-05T17:56:29Z,0,200,0.046111,0.138663
2026-09-05T17:56:44Z,0,200,0.044681,0.093561
2026-09-05T17:56:59Z,0,200,0.040300,0.089229
2026-09-05T17:57:14Z,0,200,0.175121,0.227127
2026-09-05T17:57:30Z,0,200,0.151195,0.203421
2026-09-05T17:57:45Z,0,200,0.042120,0.092368
2026-09-05T17:58:00Z,0,200,0.146831,0.212890
2026-09-05T17:58:15Z,0,200,0.159692,0.218801
2026-09-05T17:58:31Z,0,200,0.682637,0.776052
2026-09-05T17:58:46Z,0,200,0.149016,0.202521
2026-09-05T17:59:02Z,0,200,0.175621,0.228528
2026-09-05T17:59:17Z,0,200,0.289878,0.342197
2026-09-05T17:59:33Z,0,200,0.154159,0.254666
2026-09-05T17:59:50Z,0,200,0.191247,0.388131
2026-09-05T18:00:05Z,0,200,0.039931,0.090740
2026-09-05T18:00:23Z,0,200,0.173590,0.224735
2026-09-05T18:00:38Z,0,200,0.160872,0.209835
2026-09-05T18:00:54Z,0,200,0.152833,0.201568
2026-09-05T18:01:09Z,0,200,0.047017,0.111755
2026-09-05T18:01:24Z,0,200,0.045994,0.129801
2026-09-05T18:01:39Z,0,200,0.040871,0.089830
2026-09-05T18:01:54Z,0,200,0.039238,0.092939
2026-09-05T18:02:09Z,0,200,0.042009,0.093844
2026-09-05T18:02:24Z,0,200,0.039981,0.087648
2026-09-05T18:02:39Z,0,200,0.040507,0.106852
2026-09-05T18:02:55Z,0,200,0.165348,0.213849
2026-09-05T18:03:10Z,0,200,0.171587,0.218015
2026-09-05T18:03:25Z,0,200,0.051410,0.102054
2026-09-05T18:03:40Z,0,200,0.160269,0.206590
2026-09-05T18:03:55Z,0,200,0.158718,0.206224
2026-09-05T18:04:11Z,0,200,0.040487,0.086700
2026-09-05T18:04:26Z,0,200,0.040875,0.088591
2026-09-05T18:04:41Z,0,200,0.149742,0.197821
2026-09-05T18:04:56Z,0,200,0.161661,0.210128
2026-09-05T18:05:11Z,0,200,0.160522,0.206837
2026-09-05T18:05:27Z,0,200,0.160266,0.208218
2026-09-05T18:05:42Z,0,200,0.164275,0.210499
2026-09-05T18:05:57Z,0,200,0.172111,0.218623
2026-09-05T18:06:13Z,0,200,0.546858,0.595341
2026-09-05T18:06:28Z,0,200,0.163844,0.211649
2026-09-05T18:06:43Z,0,200,0.040807,0.092661
2026-09-05T18:06:58Z,0,200,0.161468,0.208228
2026-09-05T18:07:13Z,0,200,0.162921,0.210825
2026-09-05T18:07:29Z,0,200,0.039690,0.090788
2026-09-05T18:07:44Z,0,200,0.161336,0.209585
2026-09-05T18:07:59Z,0,200,0.039925,0.088059
2026-09-05T18:08:14Z,0,200,0.040064,0.088189
2026-09-05T18:08:29Z,0,200,0.146526,0.192458
2026-09-05T18:08:44Z,0,200,0.162442,0.209271
2026-09-05T18:09:00Z,0,200,0.163855,0.213118
2026-09-05T18:09:15Z,0,200,0.153052,0.199166
2026-09-05T18:09:30Z,0,200,0.039738,0.090835
2026-09-05T18:09:45Z,0,200,0.162883,0.212148
2026-09-05T18:10:00Z,0,200,0.039716,0.094479
2026-09-05T18:10:16Z,0,200,0.148305,0.194766
2026-09-05T18:10:31Z,0,200,0.042038,0.090110
2026-09-05T18:10:46Z,0,200,0.163613,0.209906
2026-09-05T18:11:01Z,0,200,0.043555,0.092132
2026-09-05T18:11:16Z,0,200,0.149718,0.201235
2026-09-05T18:11:31Z,0,200,0.162042,0.208255
2026-09-05T18:11:47Z,0,200,0.163998,0.214169
2026-09-05T18:12:02Z,0,200,0.161042,0.208507
2026-09-05T18:12:17Z,0,200,0.039516,0.092184
2026-09-05T18:12:32Z,0,200,0.160535,0.207782
2026-09-05T18:12:47Z,0,200,0.162261,0.209620
2026-09-05T18:13:03Z,0,200,0.160178,0.206043
2026-09-05T18:13:18Z,0,200,0.040111,0.086075
2026-09-05T18:13:33Z,0,200,0.042140,0.088349
2026-09-05T18:13:48Z,0,200,0.040565,0.087551
2026-09-05T18:14:03Z,0,200,0.160609,0.206006
2026-09-05T18:14:18Z,0,200,0.150698,0.197438
2026-09-05T18:14:34Z,0,200,0.150811,0.204013
2026-09-05T18:14:49Z,0,200,0.040169,0.086725
2026-09-05T18:15:04Z,0,200,0.149260,0.196545
2026-09-05T18:15:19Z,0,200,0.161049,0.207187
2026-09-05T18:15:34Z,0,200,0.146644,0.193136
2026-09-05T18:15:49Z,0,200,0.040673,0.086977
2026-09-05T18:16:05Z,0,200,0.176600,0.235605
2026-09-05T18:16:20Z,0,200,0.151231,0.197942
2026-09-05T18:16:35Z,0,200,0.160643,0.211798
2026-09-05T18:16:50Z,0,200,0.173393,0.223513
2026-09-05T18:17:06Z,0,200,0.047169,0.094918
2026-09-05T18:17:21Z,0,200,0.045963,0.092504
2026-09-05T18:17:36Z,0,200,0.150940,0.203233
2026-09-05T18:17:51Z,0,200,0.161528,0.209076
2026-09-05T18:18:06Z,0,200,0.162365,0.209262
2026-09-05T18:18:22Z,0,200,0.161078,0.208538
2026-09-05T18:18:37Z,0,200,0.147500,0.195327
2026-09-05T18:18:52Z,0,200,0.159782,0.206484
2026-09-05T18:19:07Z,0,200,0.040613,0.087218
2026-09-05T18:19:22Z,0,200,0.162565,0.208740
2026-09-05T18:19:38Z,0,200,0.146952,0.193044
2026-09-05T18:19:53Z,0,200,0.159042,0.207552
2026-09-05T18:20:08Z,0,200,0.160269,0.206530
2026-09-05T18:20:23Z,0,200,0.165903,0.213039
2026-09-05T18:20:38Z,0,200,0.168808,0.216137
2026-09-05T18:20:54Z,0,200,0.172808,0.219823
2026-09-05T18:21:09Z,0,200,0.038433,0.084166
2026-09-05T18:21:24Z,0,200,0.150053,0.197199
2026-09-05T18:21:39Z,0,200,0.172782,0.220188
2026-09-05T18:21:54Z,0,200,0.161022,0.209238
2026-09-05T18:22:10Z,0,200,0.160595,0.213471
2026-09-05T18:22:25Z,0,200,0.146910,0.198340
2026-09-05T18:22:40Z,0,200,0.165587,0.215000
2026-09-05T18:22:55Z,0,200,0.174422,0.221751
2026-09-05T18:23:11Z,0,200,0.160416,0.206412
2026-09-05T18:23:26Z,0,200,0.159548,0.206115
2026-09-05T18:23:41Z,0,200,0.048320,0.096923
2026-09-05T18:23:56Z,0,200,0.163396,0.210854
2026-09-05T18:24:11Z,0,200,0.154107,0.201773
2026-09-05T18:24:27Z,0,200,0.172200,0.218987
2026-09-05T18:24:42Z,0,200,0.044073,0.108876
2026-09-05T18:24:57Z,0,200,0.315819,0.361684
2026-09-05T18:25:12Z,0,200,0.041549,0.094544
2026-09-05T18:25:27Z,0,200,0.160956,0.207090
2026-09-05T18:25:43Z,0,200,0.041167,0.087985
2026-09-05T18:25:58Z,0,200,0.149558,0.196303
2026-09-05T18:26:13Z,0,200,0.159597,0.205827
2026-09-05T18:26:28Z,0,200,0.161965,0.208127
2026-09-05T18:26:43Z,0,200,0.041287,0.088087
2026-09-05T18:26:59Z,0,200,0.163341,0.208790
2026-09-05T18:27:14Z,0,200,0.161824,0.209305
2026-09-05T18:27:29Z,0,200,0.162091,0.208155
2026-09-05T18:27:44Z,0,200,0.043198,0.100053
2026-09-05T18:27:59Z,0,200,0.039736,0.089549
2026-09-05T18:28:14Z,0,200,0.161623,0.214733
2026-09-05T18:28:30Z,0,200,0.145227,0.194104
2026-09-05T18:28:45Z,0,200,0.041207,0.091833
2026-09-05T18:29:00Z,0,200,0.161917,0.212392
2026-09-05T18:29:15Z,0,200,0.174906,0.223095
2026-09-05T18:29:31Z,0,200,0.168864,0.221589
2026-09-05T18:29:46Z,0,200,0.167108,0.218582
2026-09-05T18:30:01Z,0,200,0.043569,0.099489
2026-09-05T18:30:16Z,0,200,0.153270,0.200403
2026-09-05T18:30:32Z,0,200,0.524071,0.578629
2026-09-05T18:30:47Z,0,200,0.168112,0.218932
2026-09-05T18:31:02Z,0,200,0.039797,0.106792
2026-09-05T18:31:17Z,0,200,0.163585,0.217050
2026-09-05T18:31:33Z,0,200,0.043974,0.091637
2026-09-05T18:31:48Z,0,200,0.042458,0.093211
2026-09-05T18:32:03Z,0,200,0.161213,0.209912
2026-09-05T18:32:18Z,0,200,0.566239,0.613994
2026-09-05T18:32:34Z,0,200,0.175418,0.223362
2026-09-05T18:32:49Z,0,200,0.041136,0.089767
2026-09-05T18:33:05Z,0,200,0.172346,0.220104
2026-09-05T18:33:20Z,0,200,0.168942,0.217403
2026-09-05T18:33:59Z,0,200,0.159589,0.396982
2026-09-05T18:34:15Z,0,200,0.040103,0.086814
2026-09-05T18:34:30Z,0,200,0.159094,0.212432
2026-09-05T18:34:45Z,0,200,0.533404,0.579248
2026-09-05T18:35:01Z,0,200,0.045781,0.094888
2026-09-05T18:35:16Z,0,200,0.150172,0.196365
2026-09-05T18:35:31Z,0,200,0.149073,0.196663
2026-09-05T18:35:46Z,0,200,0.161908,0.209067
2026-09-05T18:36:01Z,0,200,0.043707,0.094340
2026-09-05T18:36:17Z,0,200,0.161368,0.207984
2026-09-05T18:36:32Z,0,200,0.540098,0.587500
2026-09-05T18:36:47Z,0,200,0.147045,0.194193
2026-09-05T18:37:03Z,0,200,0.174840,0.221520
2026-09-05T18:37:18Z,0,200,0.174736,0.220855
2026-09-05T18:37:33Z,0,200,0.166256,0.213437
2026-09-05T18:37:48Z,0,200,0.162214,0.209469
2026-09-05T18:38:03Z,0,200,0.040761,0.094431
2026-09-05T18:38:19Z,0,200,0.160697,0.207766
2026-09-05T18:38:34Z,0,200,0.176098,0.227330
2026-09-05T18:38:49Z,0,200,0.160559,0.207385
2026-09-05T18:39:04Z,0,200,0.040424,0.086997
2026-09-05T18:39:19Z,0,200,0.151005,0.198474
2026-09-05T18:39:35Z,0,200,0.040816,0.088286
2026-09-05T18:39:50Z,0,200,0.159884,0.206640
2026-09-05T18:40:05Z,0,200,0.177053,0.223865
2026-09-05T18:40:20Z,0,200,0.039839,0.087501
2026-09-05T18:40:36Z,0,200,0.551038,0.601254
2026-09-05T18:40:51Z,0,200,0.039340,0.091367
2026-09-05T18:41:06Z,0,200,0.040716,0.086401
2026-09-05T18:41:21Z,0,200,0.161535,0.207932
2026-09-05T18:41:36Z,0,200,0.163914,0.209593
2026-09-05T18:41:52Z,0,200,0.164858,0.211115
2026-09-05T18:42:07Z,0,200,0.158991,0.205694
2026-09-05T18:42:22Z,0,200,0.050852,0.099827
2026-09-05T18:42:37Z,0,200,0.146282,0.223202
2026-09-05T18:42:52Z,0,200,0.162609,0.222676
2026-09-05T18:43:08Z,0,200,0.168624,0.241522
2026-09-05T18:43:23Z,0,200,0.052652,0.114200
2026-09-05T18:43:38Z,0,200,0.040455,0.088470
2026-09-05T18:43:53Z,0,200,0.044811,0.092203
2026-09-05T18:44:08Z,0,200,0.039670,0.088230
2026-09-05T18:44:24Z,0,200,0.179667,0.242466
2026-09-05T18:44:39Z,0,200,0.161673,0.214330
2026-09-05T18:44:54Z,0,200,0.040566,0.118966
2026-09-05T18:45:09Z,0,200,0.163736,0.217191
2026-09-05T18:45:24Z,0,200,0.047358,0.126604
2026-09-05T18:45:40Z,0,200,0.148234,0.214258
2026-09-05T18:45:56Z,0,200,0.248812,0.737756
2026-09-05T18:46:11Z,0,200,0.160258,0.208471
2026-09-05T18:46:37Z,0,200,0.169924,0.239888
2026-09-05T18:46:55Z,0,200,0.164275,0.692649
2026-09-05T18:50:42Z,0,200,0.201259,0.258700
2026-09-05T18:51:03Z,0,200,0.175805,0.223984
2026-09-05T18:51:18Z,0,200,0.147705,0.196019
2026-09-05T18:51:33Z,0,200,0.159257,0.205869
2026-09-05T18:51:48Z,0,200,0.160553,0.206957
2026-09-05T18:52:04Z,0,200,0.163430,0.210672
2026-09-05T18:52:19Z,0,200,0.040442,0.087391
2026-09-05T18:52:34Z,0,200,0.146421,0.194142
2026-09-05T18:52:49Z,0,200,0.149973,0.196067
2026-09-05T18:53:04Z,0,200,0.170978,0.221932
2026-09-05T18:53:19Z,0,200,0.041324,0.088828
2026-09-05T18:53:34Z,0,200,0.040187,0.087891
2026-09-05T18:53:50Z,0,200,0.162222,0.210477
2026-09-05T18:54:05Z,0,200,0.164543,0.220306
2026-09-05T18:54:20Z,0,200,0.160800,0.206992
2026-09-05T18:54:35Z,0,200,0.162587,0.210703
2026-09-05T18:54:51Z,0,200,0.178377,0.228480
2026-09-05T18:55:06Z,0,200,0.157975,0.210787
2026-09-05T18:55:21Z,0,200,0.038734,0.084675
2026-09-05T18:55:36Z,0,200,0.042263,0.096726
2026-09-05T18:55:51Z,0,200,0.039692,0.105904
2026-09-05T18:56:06Z,0,200,0.039784,0.087620
2026-09-05T18:56:21Z,0,200,0.040401,0.091466
2026-09-05T18:56:37Z,0,200,0.172528,0.229279
2026-09-05T18:56:52Z,0,200,0.161569,0.222686
2026-09-05T18:57:07Z,0,200,0.173666,0.233992
2026-09-05T18:57:22Z,0,200,0.179574,0.227054
2026-09-05T18:57:38Z,0,200,0.041177,0.088230
2026-09-05T18:57:53Z,0,200,0.175819,0.222671
2026-09-05T18:58:08Z,0,200,0.159821,0.209214
2026-09-05T19:03:03Z,0,200,0.149767,0.278763
2026-09-05T19:03:18Z,0,200,0.147249,0.197467
2026-09-05T19:03:33Z,0,200,0.173646,0.220042
2026-09-05T19:03:48Z,0,200,0.039052,0.090339
2026-09-05T19:04:04Z,0,200,0.163247,0.211395
2026-09-05T19:04:19Z,0,200,0.151425,0.201846
2026-09-05T19:04:34Z,0,200,0.042493,0.090197
2026-09-05T19:04:49Z,0,200,0.039876,0.086432
2026-09-05T19:05:04Z,0,200,0.147838,0.194302
2026-09-05T19:05:20Z,0,200,0.161674,0.208867
2026-09-05T19:05:35Z,0,200,0.039938,0.086058
2026-09-05T19:05:50Z,0,200,0.041134,0.085672
2026-09-05T19:06:05Z,0,200,0.164669,0.210288
2026-09-05T19:06:20Z,0,200,0.145705,0.193400
2026-09-05T19:06:35Z,0,200,0.162391,0.210332
2026-09-05T19:06:51Z,0,200,0.162505,0.213016
2026-09-05T19:07:06Z,0,200,0.161020,0.207719
2026-09-05T19:07:21Z,0,200,0.039439,0.086057
2026-09-05T19:07:36Z,0,200,0.040468,0.087012
2026-09-05T19:07:51Z,0,200,0.039770,0.085272
2026-09-05T19:08:06Z,0,200,0.161090,0.213878
2026-09-05T19:08:22Z,0,200,0.160508,0.207260
2026-09-05T19:08:37Z,0,200,0.147268,0.198554
2026-09-05T19:08:52Z,0,200,0.172614,0.223166
2026-09-05T19:09:07Z,0,200,0.162546,0.215072
2026-09-05T19:09:22Z,0,200,0.039551,0.087485
2026-09-05T19:09:38Z,0,200,0.048992,0.098261
2026-09-05T19:09:53Z,0,200,0.044720,0.096393
2026-09-05T19:10:08Z,0,200,0.041174,0.091940
2026-09-05T19:10:23Z,0,200,0.044932,0.107585
2026-09-05T19:10:38Z,0,200,0.042343,0.101480
2026-09-05T19:10:53Z,0,200,0.177413,0.226554
2026-09-05T19:11:09Z,0,200,0.170428,0.224298
2026-09-05T19:11:24Z,0,200,0.163758,0.216686
2026-09-05T19:11:39Z,0,200,0.047412,0.098158
2026-09-05T19:11:54Z,0,200,0.039891,0.096530
2026-09-05T19:12:09Z,0,200,0.149026,0.198445
2026-09-05T19:12:25Z,0,200,0.149734,0.212507
2026-09-05T19:18:14Z,0,200,0.200549,0.423485
2026-09-05T19:18:52Z,0,200,0.162402,0.219457
2026-09-05T19:19:07Z,0,200,0.044204,0.096389
2026-09-05T19:19:23Z,0,200,0.148895,0.200541
2026-09-05T19:19:38Z,0,200,0.049920,0.155932
2026-09-05T19:19:53Z,0,200,0.044997,0.104561
2026-09-05T19:20:08Z,0,200,0.047568,0.099658
2026-09-05T19:20:23Z,0,200,0.040648,0.103648
2026-09-05T19:20:38Z,0,200,0.038987,0.087516
2026-09-05T19:20:53Z,0,200,0.039652,0.086591
2026-09-05T19:21:08Z,0,200,0.039222,0.087060
2026-09-05T19:21:24Z,0,200,0.040892,0.088361
2026-09-05T19:21:39Z,0,200,0.166644,0.225467
2026-09-05T19:21:54Z,0,200,0.041037,0.089044
2026-09-05T19:22:09Z,0,200,0.159019,0.211950
2026-09-05T19:22:24Z,0,200,0.162272,0.209343
2026-09-05T19:22:40Z,0,200,0.147442,0.196173
2026-09-05T19:22:55Z,0,200,0.044960,0.093831
2026-09-05T19:23:10Z,0,200,0.162357,0.211198
2026-09-05T19:23:25Z,0,200,0.038573,0.087253
2026-09-05T19:23:40Z,0,200,0.160971,0.208510
2026-09-05T19:23:55Z,0,200,0.146201,0.193304
2026-09-05T19:24:11Z,0,200,0.146160,0.194481
2026-09-05T19:24:26Z,0,200,0.040719,0.089512
2026-09-05T19:24:41Z,0,200,0.040349,0.087745
2026-09-05T19:24:56Z,0,200,0.159706,0.207134
2026-09-05T19:25:11Z,0,200,0.164948,0.212453
2026-09-05T19:25:27Z,0,200,0.160927,0.210190
2026-09-05T19:25:42Z,0,200,0.160322,0.209416
2026-09-05T19:25:57Z,0,200,0.146972,0.196697
2026-09-05T19:26:12Z,0,200,0.040117,0.088537
2026-09-05T19:26:27Z,0,200,0.041482,0.089844
2026-09-05T19:26:42Z,0,200,0.160688,0.209285
2026-09-05T19:26:58Z,0,200,0.160634,0.207418
2026-09-05T19:27:13Z,0,200,0.160258,0.208928
2026-09-05T19:27:28Z,0,200,0.159657,0.208528
2026-09-05T19:27:43Z,0,200,0.146852,0.195392
2026-09-05T19:27:58Z,0,200,0.039046,0.089369
2026-09-05T19:28:14Z,0,200,0.163038,0.211643
2026-09-05T19:28:29Z,0,200,0.160852,0.215572
2026-09-05T19:28:44Z,0,200,0.161128,0.209992
2026-09-05T19:28:59Z,0,200,0.040179,0.087379
2026-09-05T19:29:14Z,0,200,0.162114,0.210557
2026-09-05T19:29:30Z,0,200,0.160984,0.208800
2026-09-05T19:29:45Z,0,200,0.161223,0.208188
2026-09-05T19:30:00Z,0,200,0.149605,0.199017
2026-09-05T19:30:15Z,0,200,0.159343,0.208054
2026-09-05T19:30:31Z,0,200,0.173263,0.220491
2026-09-05T19:30:46Z,0,200,0.232058,0.283800
2026-09-05T19:31:01Z,0,200,0.163422,0.212183
2026-09-05T19:31:16Z,0,200,0.161269,0.209979
2026-09-05T19:31:32Z,0,200,0.159097,0.208168
2026-09-05T19:31:47Z,0,200,0.164780,0.212361
2026-09-05T19:32:02Z,0,200,0.038811,0.090469
2026-09-05T19:32:17Z,0,200,0.050199,0.097476
2026-09-05T19:32:32Z,0,200,0.147623,0.194486
2026-09-05T19:32:47Z,0,200,0.166075,0.214461
2026-09-05T19:33:03Z,0,200,0.165186,0.213709
2026-09-05T19:33:18Z,0,200,0.043057,0.093293
2026-09-05T19:33:33Z,0,200,0.041273,0.090768
2026-09-05T19:33:48Z,0,200,0.160691,0.207996
2026-09-05T19:34:03Z,0,200,0.040117,0.088079
2026-09-05T19:34:19Z,0,200,0.223765,0.271039
2026-09-05T19:34:34Z,0,200,0.040229,0.088510
2026-09-05T19:34:49Z,0,200,0.160382,0.207605
2026-09-05T19:35:04Z,0,200,0.070766,0.152714
2026-09-05T19:35:19Z,0,200,0.171890,0.221122
2026-09-05T19:35:35Z,0,200,0.159638,0.208731
2026-09-05T19:35:50Z,0,200,0.162502,0.209321
2026-09-05T19:36:07Z,0,200,0.531214,0.578945
2026-09-05T19:36:22Z,0,200,0.042494,0.097560
2026-09-05T19:36:37Z,0,200,0.161786,0.209990
2026-09-05T19:36:53Z,0,200,0.039606,0.091546
2026-09-05T19:37:08Z,0,200,0.175480,0.226420
2026-09-05T19:37:24Z,0,200,0.147262,0.194808
2026-09-05T19:37:39Z,0,200,0.144642,0.515223
2026-09-05T19:37:54Z,0,200,0.039036,0.085231
2026-09-05T19:38:09Z,0,200,0.148063,0.195210
2026-09-05T19:38:25Z,0,200,0.045837,0.093973
2026-09-05T19:38:40Z,0,200,0.043307,0.091623
2026-09-05T19:38:55Z,0,200,0.160505,0.207840
2026-09-05T19:39:10Z,0,200,0.159052,0.208534
2026-09-05T19:39:25Z,0,200,0.159806,0.207562
2026-09-05T19:39:41Z,0,200,0.173835,0.222177
2026-09-05T19:39:56Z,0,200,0.146069,0.195668
2026-09-05T19:40:11Z,0,200,0.164672,0.212396
2026-09-05T19:40:26Z,0,200,0.145393,0.191742
2026-09-05T19:40:41Z,0,200,0.040247,0.087128
2026-09-05T19:40:56Z,0,200,0.040660,0.087776
2026-09-05T19:41:12Z,0,200,0.162462,0.210327
2026-09-05T19:41:27Z,0,200,0.172721,0.219859
2026-09-05T19:41:42Z,0,200,0.039679,0.086627
2026-09-05T19:41:57Z,0,200,0.176832,0.224498
2026-09-05T19:42:12Z,0,200,0.144444,0.192617
2026-09-05T19:42:28Z,0,200,0.161807,0.208683
2026-09-05T19:42:43Z,0,200,0.146896,0.193780
2026-09-05T19:42:58Z,0,200,0.148140,0.195887
2026-09-05T19:43:13Z,0,200,0.163823,0.215508
2026-09-05T19:43:29Z,0,200,0.172589,0.220196
2026-09-05T19:43:44Z,0,200,0.147339,0.197236
2026-09-05T19:43:59Z,0,200,0.162502,0.210458
2026-09-05T19:44:14Z,0,200,0.160874,0.210143
2026-09-05T19:44:29Z,0,200,0.039675,0.086836
2026-09-05T19:44:45Z,0,200,0.173139,0.221184
2026-09-05T19:45:00Z,0,200,0.040130,0.089015
2026-09-05T19:45:15Z,0,200,0.160103,0.208123
2026-09-05T19:45:30Z,0,200,0.175056,0.227388
2026-09-05T19:45:45Z,0,200,0.041890,0.090939
2026-09-05T19:46:01Z,0,200,0.158232,0.205798
2026-09-05T19:46:16Z,0,200,0.039019,0.088058
2026-09-05T19:46:31Z,0,200,0.146439,0.193273
2026-09-05T19:46:46Z,0,200,0.148200,0.196621
2026-09-05T19:47:01Z,0,200,0.159198,0.207612
2026-09-05T19:47:16Z,0,200,0.040185,0.088290
2026-09-05T19:47:32Z,0,200,0.158939,0.205009
2026-09-05T19:47:47Z,0,200,0.039835,0.088135
2026-09-05T19:48:02Z,0,200,0.146671,0.195370
2026-09-05T19:48:17Z,0,200,0.041037,0.094772
2026-09-05T19:48:32Z,0,200,0.146245,0.196597
2026-09-05T19:48:47Z,0,200,0.160705,0.208412
2026-09-05T19:49:03Z,0,200,0.163421,0.209994
2026-09-05T19:49:18Z,0,200,0.162089,0.211105
2026-09-05T19:49:33Z,0,200,0.040587,0.088080
2026-09-05T19:49:48Z,0,200,0.144906,0.191230
2026-09-05T19:50:03Z,0,200,0.160553,0.207255
2026-09-05T19:50:19Z,0,200,0.040439,0.089413
2026-09-05T19:50:34Z,0,200,0.162079,0.210698
2026-09-05T19:50:49Z,0,200,0.176783,0.227934
2026-09-05T19:51:04Z,0,200,0.172877,0.221233
2026-09-05T19:51:19Z,0,200,0.039412,0.087488
2026-09-05T19:51:35Z,0,200,0.148908,0.195964
2026-09-05T19:51:50Z,0,200,0.161174,0.209090
2026-09-05T19:52:05Z,0,200,0.173211,0.220253
2026-09-05T19:52:20Z,0,200,0.039074,0.094778
2026-09-05T19:52:35Z,0,200,0.177747,0.225147
2026-09-05T19:52:51Z,0,200,0.041763,0.092951
2026-09-05T19:53:06Z,0,200,0.159710,0.206378
2026-09-05T19:53:21Z,0,200,0.039060,0.088359
2026-09-05T19:53:36Z,0,200,0.164361,0.211949
2026-09-05T19:53:51Z,0,200,0.039664,0.088576
2026-09-05T19:54:06Z,0,200,0.162778,0.219837
2026-09-05T19:54:22Z,0,200,0.175970,0.221898
2026-09-05T19:54:37Z,0,200,0.163573,0.216599
2026-09-05T19:54:52Z,0,200,0.045315,0.146926
2026-09-05T19:55:07Z,0,200,0.154219,0.215388
2026-09-05T19:55:23Z,0,200,0.146084,0.196899
2026-09-05T19:55:38Z,0,200,0.157692,0.208445
2026-09-05T19:55:53Z,0,200,0.175793,0.223560
2026-09-05T19:56:08Z,0,200,0.039586,0.091401
2026-09-05T19:56:23Z,0,200,0.039827,0.088665
2026-09-05T19:56:39Z,0,200,0.146837,0.193957
2026-09-05T19:56:54Z,0,200,0.153601,0.204385
2026-09-05T19:57:09Z,0,200,0.040299,0.089268
2026-09-05T19:57:24Z,0,200,0.039182,0.086587
2026-09-05T19:57:39Z,0,200,0.163008,0.210673
2026-09-05T19:57:54Z,0,200,0.040759,0.089483
2026-09-05T19:58:10Z,0,200,0.158636,0.207444
2026-09-05T19:58:25Z,0,200,0.162045,0.214429
2026-09-05T19:58:40Z,0,200,0.174184,0.221766
2026-09-05T19:58:55Z,0,200,0.173029,0.222630
2026-09-05T19:59:11Z,0,200,0.160280,0.208986
2026-09-05T19:59:26Z,0,200,0.161249,0.209668
2026-09-05T19:59:41Z,0,200,0.045858,0.095972
2026-09-05T19:59:56Z,0,200,0.147590,0.194545
2026-09-05T20:00:11Z,0,200,0.148174,0.199459
2026-09-05T20:00:26Z,0,200,0.041528,0.100346
2026-09-05T20:00:42Z,0,200,0.053181,0.105166
2026-09-05T20:00:57Z,0,200,0.041848,0.089947
2026-09-05T20:01:12Z,0,200,0.047361,0.097524
2026-09-05T20:01:27Z,0,200,0.173497,0.220669
2026-09-05T20:01:43Z,0,200,0.163229,0.214823
2026-09-05T20:02:17Z,0,200,0.150761,0.208999
2026-09-05T20:02:37Z,0,200,0.056330,0.340869
2026-09-05T20:02:53Z,0,200,0.164340,0.211634
2026-09-05T20:03:08Z,0,200,0.040538,0.086999
2026-09-05T20:03:23Z,0,200,0.159101,0.204638
2026-09-05T20:03:38Z,0,200,0.040039,0.092602
2026-09-05T20:03:53Z,0,200,0.040964,0.087789
2026-09-05T20:04:09Z,0,200,0.175393,0.230894
2026-09-05T20:04:24Z,0,200,0.162227,0.210007
2026-09-05T20:04:39Z,0,200,0.162865,0.209281
2026-09-05T20:04:54Z,0,200,0.160513,0.207867
2026-09-05T20:05:10Z,0,200,0.145984,0.193043
2026-09-05T20:05:25Z,0,200,0.148223,0.195206
2026-09-05T20:05:40Z,0,200,0.159216,0.205786
2026-09-05T20:05:55Z,0,200,0.039685,0.086118
2026-09-05T20:06:10Z,0,200,0.041825,0.091011
2026-09-05T20:06:25Z,0,200,0.159776,0.206714
2026-09-05T20:06:41Z,0,200,0.360789,0.413252
2026-09-05T20:06:56Z,0,200,0.040024,0.088480
2026-09-05T20:07:11Z,0,200,0.161003,0.208172
2026-09-05T20:07:26Z,0,200,0.162106,0.209008
2026-09-05T20:07:42Z,0,200,0.039783,0.086529
2026-09-05T20:07:57Z,0,200,0.039310,0.086283
2026-09-05T20:08:12Z,0,200,0.159921,0.212832
2026-09-05T20:08:27Z,0,200,0.040238,0.089472
2026-09-05T20:08:42Z,0,200,0.146467,0.195147
2026-09-05T20:08:57Z,0,200,0.175660,0.223623
2026-09-05T20:09:13Z,0,200,0.039542,0.087474
2026-09-05T20:09:28Z,0,200,0.157838,0.204436
2026-09-05T20:09:43Z,0,200,0.149728,0.196320
2026-09-05T20:09:58Z,0,200,0.160264,0.206766
2026-09-05T20:10:13Z,0,200,0.163530,0.210843
2026-09-05T20:10:29Z,0,200,0.161104,0.244052
2026-09-05T20:10:44Z,0,200,0.042990,0.094700
2026-09-05T20:10:59Z,0,200,0.044000,0.093339
2026-09-05T20:11:14Z,0,200,0.040179,0.093273
2026-09-05T20:11:29Z,0,200,0.144163,0.191380
2026-09-05T20:11:44Z,0,200,0.041122,0.090612
2026-09-05T20:12:00Z,0,200,0.161372,0.209244
2026-09-05T20:12:15Z,0,200,0.167947,0.225659
2026-09-05T20:12:30Z,0,200,0.174043,0.223685
2026-09-05T20:12:45Z,0,200,0.159749,0.208017
2026-09-05T20:13:11Z,0,200,0.165510,0.229302
2026-09-05T20:13:27Z,0,200,0.049059,0.118916
2026-09-05T20:14:21Z,28,000,1.078423,31.053154
2026-09-05T20:14:48Z,0,200,0.168383,0.240556
2026-09-05T20:15:03Z,0,200,0.148064,0.195682
2026-09-05T20:15:18Z,0,200,0.160819,0.206709
2026-09-05T20:15:33Z,0,200,0.039737,0.086997
2026-09-05T20:15:48Z,0,200,0.160551,0.208227
2026-09-05T20:16:04Z,0,200,0.049039,0.097114
2026-09-05T20:16:19Z,0,200,0.163459,0.217106
2026-09-05T20:16:34Z,0,200,0.040581,0.088055
2026-09-05T20:16:49Z,0,200,0.159722,0.205865
2026-09-05T20:17:04Z,0,200,0.159029,0.207979
2026-09-05T20:17:19Z,0,200,0.042506,0.095156
2026-09-05T20:17:35Z,0,200,0.162602,0.211143
2026-09-05T20:17:50Z,0,200,0.039939,0.087937
2026-09-05T20:18:05Z,0,200,0.162633,0.213592
2026-09-05T20:18:20Z,0,200,0.174309,0.223180
2026-09-05T20:18:35Z,0,200,0.150810,0.199661
2026-09-05T20:18:51Z,0,200,0.045753,0.096457
2026-09-05T20:19:06Z,0,200,0.039198,0.085629
2026-09-05T20:19:21Z,0,200,0.174322,0.220959
2026-09-05T20:19:36Z,0,200,0.146282,0.192460
2026-09-05T20:19:51Z,0,200,0.043013,0.095126
2026-09-05T20:20:06Z,0,200,0.039625,0.091953
2026-09-05T20:20:21Z,0,200,0.042093,0.089764
2026-09-05T20:20:37Z,0,200,0.163285,0.211305
2026-09-05T20:20:52Z,0,200,0.158430,0.206301
2026-09-05T20:21:07Z,0,200,0.042348,0.090748
2026-09-05T20:21:22Z,0,200,0.174714,0.222619
2026-09-05T20:21:38Z,0,200,0.174332,0.222158
2026-09-05T20:21:53Z,0,200,0.160601,0.207817
2026-09-05T20:22:08Z,0,200,0.159299,0.210107
2026-09-05T20:22:33Z,0,200,0.045222,0.101597
2026-09-05T20:22:49Z,0,200,0.040680,0.085988
2026-09-05T20:23:04Z,0,200,0.046935,0.117931
2026-09-05T20:23:19Z,0,200,0.039428,0.087715
2026-09-05T20:23:34Z,0,200,0.042199,0.093780
2026-09-05T20:23:49Z,0,200,0.044521,0.096355
2026-09-05T20:24:04Z,0,200,0.179229,0.233647
2026-09-05T20:24:19Z,0,502,0.040130,0.098815
2026-09-05T20:24:35Z,0,200,0.039261,0.091219
2026-09-05T20:24:50Z,0,200,0.040308,0.092099
2026-09-05T20:25:05Z,0,200,0.042247,0.094247
2026-09-05T20:25:20Z,0,200,0.173127,0.224230
2026-09-05T20:25:35Z,0,200,0.039057,0.088254
2026-09-05T20:25:50Z,0,200,0.040962,0.092214
2026-09-05T20:26:05Z,0,200,0.039232,0.089706
2026-09-05T20:26:20Z,0,200,0.039213,0.088265
2026-09-05T20:26:36Z,0,200,0.162240,0.212278
2026-09-05T20:26:51Z,0,200,0.040220,0.092794
2026-09-05T20:27:06Z,0,200,0.161115,0.217981
2026-09-05T20:27:21Z,0,200,0.039839,0.092586
2026-09-05T20:27:36Z,0,200,0.160906,0.211363
2026-09-05T20:27:52Z,0,200,0.146298,0.195035
2026-09-05T20:28:07Z,0,200,0.172248,0.222432
2026-09-05T20:28:22Z,0,200,0.039574,0.091076
2026-09-05T20:28:37Z,0,200,0.163951,0.215806
2026-09-05T20:28:52Z,0,200,0.162958,0.211661
2026-09-05T20:29:08Z,0,200,0.040247,0.091410
2026-09-05T20:29:23Z,0,200,0.174515,0.223928
2026-09-05T20:29:38Z,0,200,0.161831,0.211256
2026-09-05T20:29:53Z,0,200,0.042477,0.091725
2026-09-05T20:30:08Z,0,200,0.039786,0.089166
2026-09-05T20:30:23Z,0,200,0.039585,0.093795
2026-09-05T20:30:38Z,0,200,0.040657,0.088419
2026-09-05T20:30:54Z,0,200,0.148703,0.197321
2026-09-05T20:31:09Z,0,200,0.162404,0.212613
2026-09-05T20:31:24Z,0,200,0.039940,0.092088
2026-09-05T20:31:39Z,0,200,0.161989,0.211236
2026-09-05T20:31:54Z,0,200,0.039727,0.088011
2026-09-05T20:32:10Z,0,200,0.162893,0.213204
2026-09-05T20:32:25Z,0,200,0.173188,0.222266
2026-09-05T20:32:40Z,0,200,0.043685,0.097113
2026-09-05T20:32:55Z,0,200,0.146040,0.194776
2026-09-05T20:33:10Z,0,200,0.146128,0.194394
2026-09-05T20:33:26Z,0,200,0.160928,0.209448
2026-09-05T20:33:41Z,0,200,0.160219,0.214983
2026-09-05T20:33:56Z,0,200,0.039581,0.090061
2026-09-05T20:34:11Z,0,200,0.145183,0.193937
2026-09-05T20:34:26Z,0,200,0.159286,0.207587
2026-09-05T20:34:42Z,0,200,0.159586,0.209385
2026-09-05T20:34:57Z,0,200,0.161904,0.209260
2026-09-05T20:35:12Z,0,200,0.166699,0.217130
2026-09-05T20:35:27Z,0,200,0.150010,0.200846
2026-09-05T20:35:42Z,0,200,0.162175,0.214483
2026-09-05T20:35:58Z,0,200,0.058606,0.128730
2026-09-05T20:36:13Z,0,200,0.160593,0.209673
2026-09-05T20:36:31Z,0,200,0.039860,0.087234
2026-09-05T20:36:46Z,0,200,0.039650,0.086779
2026-09-05T20:37:01Z,0,200,0.145888,0.193924
2026-09-05T20:37:17Z,0,200,0.162880,0.212953
2026-09-05T20:37:32Z,0,200,0.163044,0.212101
2026-09-05T20:37:47Z,0,200,0.173535,0.224820
2026-09-05T20:38:02Z,0,200,0.145605,0.194291
2026-09-05T20:38:17Z,0,200,0.152374,0.200867
2026-09-05T20:38:33Z,0,200,0.041421,0.090560
2026-09-05T20:38:48Z,0,200,0.040443,0.091947
2026-09-05T20:39:03Z,0,200,0.040018,0.095078
2026-09-05T20:39:18Z,0,200,0.160394,0.207775
2026-09-05T20:39:33Z,0,200,0.163028,0.218468
2026-09-05T20:39:48Z,0,200,0.040586,0.088711
2026-09-05T20:40:03Z,0,200,0.040324,0.088075
2026-09-05T20:40:19Z,0,200,0.147350,0.213204
2026-09-05T20:40:34Z,0,200,0.161175,0.209215
2026-09-05T20:40:49Z,0,200,0.160522,0.209951
2026-09-05T20:41:04Z,0,200,0.161968,0.208778
2026-09-05T20:41:19Z,0,200,0.039765,0.092882
2026-09-05T20:41:35Z,0,200,0.039116,0.086486
2026-09-05T20:41:50Z,0,200,0.162708,0.211482
2026-09-05T20:42:05Z,0,200,0.160775,0.207678
2026-09-05T20:42:20Z,0,200,0.161092,0.208196
2026-09-05T20:42:35Z,0,200,0.040481,0.088093
2026-09-05T20:42:51Z,0,200,0.162719,0.212164
2026-09-05T20:43:06Z,0,200,0.158729,0.209731
2026-09-05T20:43:21Z,0,200,0.173937,0.228657
2026-09-05T20:43:36Z,0,200,0.040657,0.088243
2026-09-05T20:43:51Z,0,200,0.173918,0.220329
2026-09-05T20:44:06Z,0,200,0.040143,0.087049
2026-09-05T20:44:22Z,0,200,0.174662,0.222531
2026-09-05T20:44:37Z,0,200,0.040524,0.087758
2026-09-05T20:44:52Z,0,200,0.040798,0.088638
2026-09-05T20:45:07Z,0,200,0.040082,0.086598
2026-09-05T20:45:22Z,0,200,0.163583,0.212507
2026-09-05T20:45:37Z,0,200,0.158724,0.206837
2026-09-05T20:45:53Z,0,200,0.160739,0.209043
2026-09-05T20:46:08Z,0,200,0.056192,0.103239
2026-09-05T20:46:23Z,0,200,0.162657,0.208929
2026-09-05T20:46:38Z,0,200,0.159752,0.208276
2026-09-05T20:46:53Z,0,200,0.149949,0.204206
2026-09-05T20:47:09Z,0,200,0.039976,0.087917
2026-09-05T20:47:24Z,0,200,0.042776,0.090742
2026-09-05T20:47:39Z,0,200,0.174553,0.221986
2026-09-05T20:47:54Z,0,200,0.173778,0.221342
2026-09-05T20:48:10Z,0,200,0.161213,0.214736
2026-09-05T20:48:25Z,0,200,0.041102,0.088274
2026-09-05T20:48:40Z,0,200,0.145200,0.197477
2026-09-05T20:48:55Z,0,200,0.145007,0.192287
2026-09-05T20:49:10Z,0,200,0.040672,0.086466
2026-09-05T20:49:26Z,0,200,0.143995,0.192480
2026-09-05T20:49:41Z,0,200,0.145091,0.192900
2026-09-05T20:49:56Z,0,200,0.038203,0.084818
2026-09-05T20:50:11Z,0,200,0.039794,0.086001
2026-09-05T20:50:26Z,0,200,0.158049,0.217092
2026-09-05T20:50:41Z,0,200,0.049108,0.094925
2026-09-05T20:50:57Z,0,200,0.159110,0.206586
2026-09-05T20:51:12Z,0,200,0.159429,0.206415
2026-09-05T20:51:27Z,0,200,0.177919,0.244921
2026-09-05T20:51:42Z,0,200,0.145050,0.192747
2026-09-05T20:51:57Z,0,200,0.160639,0.210633
2026-09-05T20:52:13Z,0,200,0.176904,0.230931
2026-09-05T20:52:28Z,0,200,0.159672,0.207045
2026-09-05T20:52:43Z,0,200,0.147589,0.196100
2026-09-05T20:52:58Z,0,200,0.040012,0.087551
2026-09-05T20:53:13Z,0,200,0.160587,0.208640
2026-09-05T20:53:29Z,0,200,0.145043,0.193817
2026-09-05T20:53:44Z,0,200,0.145715,0.193566
2026-09-05T20:53:59Z,0,200,0.352634,0.405582
2026-09-05T20:54:15Z,0,200,0.146019,0.192863
2026-09-05T20:54:30Z,0,200,0.160344,0.207301
2026-09-05T20:54:45Z,0,200,0.160702,0.206792
2026-09-05T20:55:00Z,0,200,0.043061,0.092111
2026-09-05T20:55:15Z,0,200,0.163334,0.210760
2026-09-05T20:55:31Z,0,200,0.161975,0.211917
2026-09-05T20:55:46Z,0,200,0.161191,0.208858
2026-09-05T20:56:01Z,0,200,0.041728,0.089548
2026-09-05T20:56:16Z,0,200,0.160586,0.207801
2026-09-05T20:56:31Z,0,200,0.040267,0.086475
2026-09-05T20:56:46Z,0,200,0.150491,0.197686
2026-09-05T20:57:02Z,0,200,0.144662,0.191355
2026-09-05T20:57:17Z,0,200,0.040978,0.088644
2026-09-05T20:57:32Z,0,200,0.174699,0.223311
2026-09-05T20:57:47Z,0,200,0.161495,0.209280
2026-09-05T20:58:02Z,0,200,0.148334,0.194848
2026-09-05T20:58:17Z,0,200,0.040631,0.088698
2026-09-05T20:58:33Z,0,200,0.172425,0.218611
2026-09-05T20:58:48Z,0,200,0.039514,0.087145
2026-09-05T20:59:03Z,0,200,0.159498,0.206765
2026-09-05T20:59:18Z,0,200,0.159553,0.205998
2026-09-05T20:59:33Z,0,200,0.150190,0.199648
2026-09-05T20:59:49Z,0,200,0.038504,0.090767
2026-09-05T21:00:04Z,0,200,0.039380,0.085809
2026-09-05T21:00:19Z,0,200,0.173975,0.220279
